序号,链接,节点数
0,https://gitlab.com/colloq168/nodefiltrate/-/raw/main/filtrate?ref_type=heads,164
1,https://qgk8l7.absslk.xyz/395ae8c6f2efdcdbb02fa0a4737c13e6,0
2,https://raw.githubusercontent.com/Alvin9999/pac2/master/clash.meta2/1/config.yaml,0
3,https://raw.githubusercontent.com/Alvin9999/pac2/master/clash.meta2/13/config.yaml,0
4,https://raw.githubusercontent.com/Alvin9999/pac2/master/clash.meta2/15/config.yaml,0
5,https://raw.githubusercontent.com/Alvin9999/pac2/master/clash.meta2/2/config.yaml,0
6,https://raw.githubusercontent.com/Alvin9999/pac2/master/clash.meta2/config.yaml,0
7,https://raw.githubusercontent.com/Huibq/TrojanLinks/master/links/vmess,0
8,https://raw.githubusercontent.com/Surfboardv2ray/TGParse/main/python/hy2,34
9,https://raw.githubusercontent.com/Surfboardv2ray/TGParse/main/python/hysteria2,63
10,https://raw.githubusercontent.com/go4sharing/sub/main/sub.yaml,673
11,https://raw.githubusercontent.com/qjlxg/hy2/main/splitted/hy2,0
12,https://raw.githubusercontent.com/ripaojiedian/freenode/main/clash,25
13,https://raw.githubusercontent.com/ripaojiedian/freenode/main/sub,26
14,https://raw.githubusercontent.com/zhangkaiitugithub/passcro/main/speednodes.yaml,170
15,https://yEWkBf.mcsslk.xyz/a2460773f960737900e2960d04f5c8a9,0
16,dynamic://peasoft,0

总计,,1089
